"제품명","가격","이미지주소"
"1","PRISM_HD_LED_32형_TV","132050","https://thumbnail11.coupangcdn.com/thumbnails/remote/230x230ex/image/vendor_inventory/images/2018/12/12/11/0/b85a0d77-bf94-45e6-b425-163452e7d307.jpg"
"2","티비드_32형_HD_TV HT320","130150","https://thumbnail14.coupangcdn.com/thumbnails/remote/230x230ex/image/vendor_inventory/images/2018/12/11/16/6/afdb3c42-f013-4a51-9f20-c150f0926948.jpg"
"3","유맥스_HD_LED_32형_TV_자","148000","https://thumbnail12.coupangcdn.com/thumbnails/remote/230x230ex/image/vendor_inventory/images/2018/04/09/17/9/3ee9741e-0c89-49de-9fa5-09fa9ac497e3.jpg"
"4","와이드뷰_32인치HD_TV_삼성패널","139000","https://thumbnail15.coupangcdn.com/thumbnails/remote/230x230ex/image/vendor_inventory/images/2018/02/23/15/3/a62090b2-3306-4883-b243-4546da1b69fd.jpg"
"5","PRISM_FULL_HD_40형_T","203300","https://thumbnail15.coupangcdn.com/thumbnails/remote/230x230ex/image/vendor_inventory/images/2018/09/19/15/3/9e6a7a90-6dc9-4b62-822f-54fa270cd179.jpg"
"6","PRISM_4K_UHD_TV_자가설","298300","https://thumbnail15.coupangcdn.com/thumbnails/remote/230x230ex/image/vendor_inventory/images/2018/11/27/12/1/62832bca-fb27-4bde-a3c9-2633d4e7bfd3.jpg"
"7","티비드_55형_UHD_TV_UT55","360050","https://thumbnail13.coupangcdn.com/thumbnails/remote/230x230ex/image/retail/images/2018/04/05/17/3/965a2a28-b176-438e-b85c-a91580f150d4.jpg"
"8","삼성전자_F_HD_LED_43형_T","413250","https://thumbnail13.coupangcdn.com/thumbnails/remote/230x230ex/image/vendor_inventory/images/2018/12/01/21/7/88f70bf4-3111-443f-aba4-ee63000bdded.jpg"
"9","유맥스_F_HD_LED_109.2","272000","https://thumbnail11.coupangcdn.com/thumbnails/remote/230x230ex/image/vendor_inventory/images/2017/10/31/13/6/d6624545-b254-439a-a9a8-e43aab1e8438.jpg"
"10","프리즘_43형_4K_UHD_LED","250800","https://thumbnail11.coupangcdn.com/thumbnails/remote/230x230ex/image/vendor_inventory/images/2018/10/17/11/2/87bf4958-70c4-4227-94dc-f9c792c27399.jpg"
"11","삼성전자_HD_32형_TV_자가설치","282240","https://thumbnail11.coupangcdn.com/thumbnails/remote/230x230ex/image/retail/images/2017/04/27/17/1/ea445f53-320e-4c3a-a55c-d9891182a08c.jpg"
"12","프리즘_F_HD_43형_TV_자가설","227050","https://thumbnail12.coupangcdn.com/thumbnails/remote/230x230ex/image/vendor_inventory/images/2018/10/15/17/5/80f302a5-a517-440e-a7b7-c2a14d7daa4a.jpg"
"13","스마트라_F_HD_LED_43인치","237000","https://thumbnail14.coupangcdn.com/thumbnails/remote/230x230ex/image/vendor_inventory/images/2018/11/15/20/2/20c7516e-84ce-4822-ba83-3abeabff19b9.jpg"
"14","제네시스_F_HD_40형_TV_GS","199680","https://thumbnail15.coupangcdn.com/thumbnails/remote/230x230ex/image/vendor_inventory/images/2018/11/26/10/6/f5d588a6-9586-4894-8b59-3e87810f2882.jpg"
"15","이엔티비_EN-SL320S_32형(","145000","https://thumbnail11.coupangcdn.com/thumbnails/remote/230x230ex/image/vendor_inventory/images/2018/11/06/12/9/5ab24ac3-3f38-4657-9fd1-5e0989a919a7.jpg"
"16","49인치_55인치_65인치_커브드","53000","https://thumbnail13.coupangcdn.com/thumbnails/remote/230x230ex/image/vendor_inventory/images/2018/08/16/18/1/469e5e7a-9a31-4428-9bfc-6d2a97135c4c.jpg"
"17","와이드뷰_LED_40인치_FHD_T","229000","https://"
"18","제네시스_32인치_HD_TV_GS3","132050","https://thumbnail15.coupangcdn.com/thumbnails/remote/230x230ex/image/vendor_inventory/images/2018/11/02/15/3/3096c076-6005-43de-8fc6-a37b9b230514.jpg"
"19","필립스_55인치_UHD_TV_55P","509000","https://"
"20","아남_HD_(720)_LED_81","179550","https://"
"21","프리즘_HD_LED_32_형_프리미","136800","https://thumbnail12.coupangcdn.com/thumbnails/remote/230x230ex/image/vendor_inventory/images/2018/06/25/19/0/aa4caf2b-2133-4bad-8ddf-2b065c32623f.jpg"
"22","와이드뷰_55인치_커브드_TV_삼성","479000","https://"
"23","유맥스_MX32H_32인치_LED","133000","https://"
"24","넥스디지탈_55인치_UHD_TV_[","449000","https://"
"25","필립스_50인치_UHD_TV_50P","396000","https://thumbnail12.coupangcdn.com/thumbnails/remote/230x230ex/image/vendor_inventory/images/2018/10/31/16/3/fa4dbb3b-4441-4a39-8665-335b3415f689.jpg"
"26","인켈_4K_UHD_(2160)_LE","345640","https://thumbnail11.coupangcdn.com/thumbnails/remote/230x230ex/image/product/image/vendoritem/2018/06/19/3504532304/c4e9542e-23b1-4fad-b853-982eb142aa4e.jpg"
"27","QUQU_HD_LED_G32NHD","128250","https://thumbnail13.coupangcdn.com/thumbnails/remote/230x230ex/image/vendor_inventory/images/2016/03/10/18/8/6371de48-0584-4816-b899-0d8ee185a637.jpg"
"28","LG전자_60__HD_TV_모니터","181000","https://thumbnail11.coupangcdn.com/thumbnails/remote/230x230ex/image/vendor_inventory/images/2018/05/09/13/0/94d2aed6-daf4-4bc2-866a-9a9f5810ba3f.jpg"
"29","피데스_HD_LED_32형_TV_W","128250","https://"
"30","유맥스_55인치_UHD_TV_UHD","376000","https://"
"31","PRISM_4K_UHD_55형_TV","374300","https://"
"32","LG_LED_TV_스탠드형_32LK","296100","https://"
"33","삼성전자_HG43NJ570_43인치","469000","https://"
"34","인켈TV_FHD_40인치_LED_T","258120","https://thumbnail13.coupangcdn.com/thumbnails/remote/230x230ex/image/vendor_inventory/images/2017/12/12/14/1/f26af06c-fcf6-418c-9a19-48adb006cffe.jpg"
"35","와이드뷰_55인치_커브드_TV_삼성","613000","https://"
"36","와이드뷰_UHD_LED_49인치_5","348000","https://thumbnail11.coupangcdn.com/thumbnails/remote/230x230ex/image/vendor_inventory/images/2018/10/16/14/4/47b2e6ef-8e20-4964-aff7-be21f8b091d2.jpg"
"37","유맥스_F_HD_LED_32형_스탠","182000","https://thumbnail11.coupangcdn.com/thumbnails/remote/230x230ex/image/product/image/vendoritem/2018/12/06/3011945880/e52ad879-d9da-4027-bb35-da26082cf36f.jpg"
"38","넥스디지탈_40인치_LED_TV_[","344000","https://thumbnail14.coupangcdn.com/thumbnails/remote/230x230ex/image/vendor_inventory/images/2017/12/01/15/3/913f1add-e885-44bc-bb12-9fb633387832.jpg"
"39","티비드_55형_UHD 커브드 TV","422750","https://thumbnail15.coupangcdn.com/thumbnails/remote/230x230ex/image/retail/images/2018/07/04/12/9/6cea145f-1cd6-44c4-8f40-1078f3b038b5.jpg"
"40","유맥스_UHD_LED_109.2_화","314500","https://thumbnail15.coupangcdn.com/thumbnails/remote/230x230ex/image/retail/images/2018/10/10/17/8/4ed64c3d-67a9-40d2-b566-e035ee98f630.jpg"
"41","프리즘_FHD_32인치_TV_PT3","155800","https://thumbnail14.coupangcdn.com/thumbnails/remote/230x230ex/image/product/image/vendoritem/2017/12/21/3146732367/081343c9-f46d-4452-a2fb-7f05e4a027b8.jpg"
"42","벡셀_UHD_LED_49형_TV_Q","360050","https://thumbnail13.coupangcdn.com/thumbnails/remote/230x230ex/image/retail/images/2018/07/03/17/9/849390cd-5cc1-46b5-90f8-2136d346666c.jpg"
"43","모넥스_M2011S_50_(19.5","108000","https://thumbnail12.coupangcdn.com/thumbnails/remote/230x230ex/image/vendor_inventory/images/2017/10/31/13/9/d080d7aa-202f-40af-818d-e80ed19ffab6.jpg"
"44","유맥스_F_HD_LED_101.6","212660","https://thumbnail11.coupangcdn.com/thumbnails/remote/230x230ex/image/product/image/vendoritem/2018/12/06/4026419507/590f1899-5825-4d6a-ba4e-fdbdcbfe0b7a.jpg"
"45","더함_4K_UHD_LED_49형_코","369000","https://thumbnail11.coupangcdn.com/thumbnails/remote/230x230ex/image/retail/images/2017/11/10/10/3/b6633750-6112-4bc7-974b-f17d453423a4.jpg"
"46","PRISM_4K_UHD_LED_43","246050","https://thumbnail11.coupangcdn.com/thumbnails/remote/230x230ex/image/product/image/vendoritem/2018/06/11/3086007483/694bbff5-ff03-4d7f-9153-138d9459d97f.jpg"
"47","시네아이_65인치_UHD_TV_SB","689000","https://thumbnail15.coupangcdn.com/thumbnails/remote/230x230ex/image/vendor_inventory/images/2018/11/13/13/8/b94ee864-36a5-4ab2-a09c-a31c77b6b6a1.jpg"
"48","삼성전자_UHD_123_P_TV_+","898000","https://thumbnail11.coupangcdn.com/thumbnails/remote/230x230ex/image/retail/images/2018/10/24/13/9/f2f4b324-d28f-4f27-bcf1-6f17419f0a1f.jpg"
"49","LG전자_68.5_FHD_룸앤_TV","302000","https://thumbnail12.coupangcdn.com/thumbnails/remote/230x230ex/image/retail/images/2018/05/14/10/8/e8f29d78-8833-456e-9c08-ad233a408116.jpg"
"50","DSP_40인치_4K_UHDTV_S","289000","https://thumbnail11.coupangcdn.com/thumbnails/remote/230x230ex/image/vendor_inventory/images/2018/07/05/14/8/f3508cd6-5049-45e5-bec8-8bb9d7693b6f.jpg"
"51","VRID_LG정품패널_32인치_LE","139000","https://thumbnail13.coupangcdn.com/thumbnails/remote/230x230ex/image/vendor_inventory/images/2018/03/07/11/3/56734a02-7a1d-4127-953c-17a2bb39a42b.jpg"
"52","LG_49인치_LED_TV_스마트","560000","https://thumbnail12.coupangcdn.com/thumbnails/remote/230x230ex/image/vendor_inventory/images/2018/10/24/16/0/3c64e848-5f6e-4302-bfb6-deb4569802df.jpg"
"53","피데스_UHD_LED_108_TV","239000","https://thumbnail15.coupangcdn.com/thumbnails/remote/230x230ex/image/product/image/vendoritem/2018/12/06/4009706526/09014ae5-3465-48d9-95c4-07dde7bfee84.jpg"
"54","프리즘_4K_UHD_LED_55형","373260","https://thumbnail15.coupangcdn.com/thumbnails/remote/230x230ex/image/product/image/vendoritem/2018/06/20/3617476856/1f7b8fc7-26b9-4645-a36e-840fdf7aee14.jpg"
"55","제네시스_FHD_TV_자가설치_GS","222950","https://thumbnail12.coupangcdn.com/thumbnails/remote/230x230ex/image/retail/images/2017/12/18/16/1/ace26f38-141d-43a0-9345-d1596d45cf84.jpg"
"56","주연테크_24인치_FHD_LED_T","154480","https://thumbnail14.coupangcdn.com/thumbnails/remote/230x230ex/image/product/image/vendoritem/2018/09/18/3447192455/1635ee65-8f8b-45ee-8dad-70ee94021358.jpg"
"57","티비드_32형_HD_TV_HT320","134900","https://thumbnail14.coupangcdn.com/thumbnails/remote/230x230ex/image/product/image/vendoritem/2018/09/12/3743193923/ff1977c0-1bbf-4420-b086-3412d6c0fdf2.jpg"
"58","폴라로이드_POL55U_55인치_U","395000","https://thumbnail12.coupangcdn.com/thumbnails/remote/230x230ex/image/vendor_inventory/images/2018/11/14/13/1/436f1464-6867-4a7d-8321-5e7f94476a93.jpg"
"59","GENESIS_FULL_HD_32형","143100","https://thumbnail14.coupangcdn.com/thumbnails/remote/230x230ex/image/retail/images/2018/01/26/9/1/4cca4a62-3f52-4764-9031-8e4e8090e08f.jpg"
"60","제네시스_4K_UHD_LED_55형","399000","https://thumbnail15.coupangcdn.com/thumbnails/remote/230x230ex/image/retail/images/2018/01/26/9/4/a176e621-fd78-44e2-829c-dcdf69ccba87.jpg"
"61","삼성전자_HG32NJ579NFXKR","289000","https://thumbnail11.coupangcdn.com/thumbnails/remote/230x230ex/image/vendor_inventory/images/2018/11/09/18/1/2aad9e0f-794d-4179-b6e3-b93d9d5713a4.jpg"
"62","대우루컴즈_4K_UHD_LED_55","598500","https://thumbnail13.coupangcdn.com/thumbnails/remote/230x230ex/image/product/image/vendoritem/2018/08/22/3587508185/33d0ea73-dfcf-4eb1-ae7b-763c225afba8.jpg"
"63","모지_4K_UHD_LED_43형_T","265000","https://thumbnail14.coupangcdn.com/thumbnails/remote/230x230ex/image/product/image/vendoritem/2018/06/28/3519359755/c8099c60-a6fd-4aa1-ab42-82869b8a7878.jpg"
"64","티비드_32형_HD_TV_HT320","139650","https://thumbnail12.coupangcdn.com/thumbnails/remote/230x230ex/image/product/image/vendoritem/2018/09/19/3743193933/bb11825f-9306-4ab9-a2c0-91ea571b6e07.jpg"
"65","뷰메이트_상하_좌우_관절형_TV_브","38000","https://thumbnail12.coupangcdn.com/thumbnails/remote/230x230ex/image/retail/images/2018/02/27/18/2/da412be8-5233-48f2-9a8e-bccaed264d67.jpg"
"66","인켈_HD_LED_32형_TV_자가","165300","https://thumbnail13.coupangcdn.com/thumbnails/remote/230x230ex/image/retail/images/2018/02/12/17/4/9cc2e04d-04a6-4e94-b695-cd34d46189a0.jpg"
"67","대우루컴즈_HD_(720)_LED","206950","https://thumbnail14.coupangcdn.com/thumbnails/remote/230x230ex/image/retail/images/2017/11/22/18/2/4a3eb2c8-7447-438f-9a14-7bdf828b2ed3.jpg"
"68","PRISM_4K_UHD_55형_TV","389000","https://thumbnail14.coupangcdn.com/thumbnails/remote/230x230ex/image/product/image/vendoritem/2018/06/08/3168514855/06d04e94-ddd3-4a81-ad62-ed924bf502cf.jpg"
"69","LG_LG패널_XLNC_4K_UHD","403000","https://thumbnail14.coupangcdn.com/thumbnails/remote/230x230ex/image/vendor_inventory/images/2018/11/29/2/6/8ac66d30-4efc-445e-a4f8-b9eb893f9860.jpg"
"70","중원_40_컨테이너하우스_화이트레드","68480000","https://thumbnail11.coupangcdn.com/thumbnails/remote/230x230ex/image/vendor_inventory/images/2017/08/28/10/2/ada29ec7-6ca7-4222-9413-0bc088271949.jpg"
"71","모넥스_48인치_FHD_TV_M48","309000","https://thumbnail11.coupangcdn.com/thumbnails/remote/230x230ex/image/vendor_inventory/images/2018/11/20/14/5/17f05a4a-211d-4cb8-a94a-0e203644220e.jpg"
"72","티비드_40형_FHD_TV_FT40","239470","https://thumbnail12.coupangcdn.com/thumbnails/remote/230x230ex/image/product/image/vendoritem/2018/12/07/3989274891/276a6d28-dc3e-476a-9ff8-2af756d8568d.jpg"
"73","유맥스_4K_UHD_LED_139.","499000","https://thumbnail14.coupangcdn.com/thumbnails/remote/230x230ex/image/product/image/vendoritem/2018/11/15/4010710815/d3863b2a-88e5-497c-bd05-5ca8e735b10d.jpg"
"74","넥스디지탈_43인치_LED_TV_[","259000","https://thumbnail13.coupangcdn.com/thumbnails/remote/230x230ex/image/vendor_inventory/images/2017/12/01/15/6/029656ee-615f-4201-a3c7-a61f19e59015.jpg"
"75","유맥스_UHD_LED_43형_프리미","319000","https://thumbnail13.coupangcdn.com/thumbnails/remote/230x230ex/image/product/image/vendoritem/2018/08/20/3359040915/be4f1506-bad0-496a-880e-6ad03efb11e6.jpg"
"76","와이드뷰_UHD_LED_55인치_T","429000","https://thumbnail13.coupangcdn.com/thumbnails/remote/230x230ex/image/vendor_inventory/images/2018/07/05/10/2/8de3388c-4145-4ceb-bbc8-34051efda870.jpg"
"77","PRISM_FULL_HD_43형_T","231800","https://thumbnail14.coupangcdn.com/thumbnails/remote/230x230ex/image/retail/images/2018/02/02/16/9/8dcf5488-4ede-455b-89d5-08d0b6a5b1c6.jpg"
"78","케이블마트_국산_고급_안테나선_유선","8000","https://thumbnail11.coupangcdn.com/thumbnails/remote/230x230ex/image/vendor_inventory/images/2017/08/22/14/3/20bac11c-8619-44df-a4d7-55b5c0b3d082.jpg"
"79","홈스토리_F_HD_LED_40형_T","259040","https://thumbnail15.coupangcdn.com/thumbnails/remote/230x230ex/image/product/image/vendoritem/2018/09/18/3434842288/b295e329-e588-419c-8137-5b9da744cedd.jpg"
"80","TTV_49형_LED_TV_UHD","373660","https://thumbnail15.coupangcdn.com/thumbnails/remote/230x230ex/image/product/image/vendoritem/2018/09/12/3647870452/4e0b0f0d-b793-4e19-9475-df2cf6dab2a7.jpg"
"81","전국무료배송_LG전자_울트라HD_T","1021000","https://thumbnail11.coupangcdn.com/thumbnails/remote/230x230ex/image/vendor_inventory/images/2018/06/21/11/4/13410e56-27dd-4fbd-a6f3-b3cc8440bb6d.jpg"
"82","WIDEVU_TV_WV320FHD-","157870","https://thumbnail12.coupangcdn.com/thumbnails/remote/230x230ex/image/retail/images/2018/02/21/16/0/f6af73a8-91cb-4236-af74-fecac1d0a51b.jpg"
"83","NOTTOO_LG_TV_전용_리모컨","7940","https://thumbnail12.coupangcdn.com/thumbnails/remote/230x230ex/image/product/image/vendoritem/2017/07/18/3168602537/e638454f-ac3c-4027-a0ad-794b2ad83c74.jpg"
"84","큐닉스_HD_LED_32형_TV_자","139000","https://thumbnail12.coupangcdn.com/thumbnails/remote/230x230ex/image/product/image/vendoritem/2018/08/21/3395081423/e2aca5ad-59f5-4e69-8888-827d5760e848.jpg"
"85","피데스_UHD_LED_123.2_T","284050","https://thumbnail13.coupangcdn.com/thumbnails/remote/230x230ex/image/product/image/vendoritem/2018/12/06/4009706458/cf7d7a10-fef9-4739-80f5-7696aa318ae7.jpg"
"86","넥스디지탈_55인치_UHD_TV_[","499000","https://thumbnail13.coupangcdn.com/thumbnails/remote/230x230ex/image/vendor_inventory/images/2018/01/10/2/0/1f815e37-1ebe-47ee-94b1-06c21414ea20.jpg"
"87","PRISM_F_HD_LED_32형","155000","https://thumbnail14.coupangcdn.com/thumbnails/remote/230x230ex/image/product/image/vendoritem/2018/08/17/3146926715/84c84ca8-6e8f-4a35-81bd-de037e8b7489.jpg"
"88","대우루컴즈_F_HD_LED_40형","309000","https://thumbnail15.coupangcdn.com/thumbnails/remote/230x230ex/image/retail/images/2018/04/13/11/0/efdef284-0cca-4d2c-995b-051ab90e3745.jpg"
"89","CIMA_32인치TV_CL32YNF","145000","https://thumbnail11.coupangcdn.com/thumbnails/remote/230x230ex/image/vendor_inventory/images/2017/09/22/17/6/7c70ed11-b500-438c-a511-76361fe42f58.jpg"
"90","젠티뷰_20~32인치TV_20인치","102000","https://thumbnail12.coupangcdn.com/thumbnails/remote/230x230ex/image/vendor_inventory/images/2018/08/07/10/7/c77459cc-9fe1-4ed5-b2ba-7cfec1ed09ab.jpg"
"91","DSP_55인치_4K_UHDTV_K","469000","https://thumbnail11.coupangcdn.com/thumbnails/remote/230x230ex/image/vendor_inventory/images/2018/07/05/15/6/4d96b927-8fd9-4dbf-912d-39a609377624.jpg"
"92","티비드_40형_FHD_TV_FT40","211000","https://thumbnail13.coupangcdn.com/thumbnails/remote/230x230ex/image/retail/images/2018/09/27/10/9/9ce9a114-4b4d-4e25-a3c3-b195c9640851.jpg"
"93","뷰시스_32인치_HD_TV_TM-3","151050","https://thumbnail12.coupangcdn.com/thumbnails/remote/230x230ex/image/product/image/vendoritem/2018/09/12/3478393721/93c4eada-c85a-48a8-806b-2dfb286149a7.jpg"
"94","삼성전자_HG32NJ579_32인치","359000","https://thumbnail13.coupangcdn.com/thumbnails/remote/230x230ex/image/vendor_inventory/images/2018/12/07/12/0/51e8260e-b5e9-41b5-88d8-6cabd136880b.jpg"
"95","삼성전자_시리즈Q_QN88Q9F_(","32748000","https://thumbnail12.coupangcdn.com/thumbnails/remote/230x230ex/image/vendor_inventory/images/2017/08/23/15/0/40c1c853-a896-47ce-9c22-1453245c7e9b.jpg"
"96","마하링크_최고급_안테나_TV_동축","7040","https://thumbnail13.coupangcdn.com/thumbnails/remote/230x230ex/image/retail/images/2018/10/01/17/2/10690a73-7a70-441f-bf8d-df3027d5fa7a.jpg"
"97","(주)VRID_40_인치_FULL","229000","https://thumbnail12.coupangcdn.com/thumbnails/remote/230x230ex/image/vendor_inventory/images/2018/08/29/13/2/2ae60451-c09d-47e5-82c1-7fac5fff66ef.jpg"
"98","아트랙_베네토_익스텐션_거실장TV다","99000","https://thumbnail13.coupangcdn.com/thumbnails/remote/230x230ex/image/vendor_inventory/images/2015/10/20/14/5/b21c7dd3-834c-4711-aaf8-70204639e732.jpg"
"99","TCL_HD_LED_32형_TV_자","135020","https://thumbnail11.coupangcdn.com/thumbnails/remote/230x230ex/image/product/image/vendoritem/2018/07/05/3713158717/30a14381-af50-4cae-abc5-9aa87a13ddb4.jpg"
"100","시네아이_49인치_UHD_TV_W4","319000","https://thumbnail14.coupangcdn.com/thumbnails/remote/230x230ex/image/vendor_inventory/images/2018/11/13/13/7/f0ec6a8a-6edf-4889-810f-e97e1e3c2b66.jpg"
"101","유디아_32형_F-HD_EDGE_3","217000","https://thumbnail13.coupangcdn.com/thumbnails/remote/230x230ex/image/product/image/vendoritem/2018/11/07/3822100384/5b6665bb-2a81-4c76-b3cc-40be4a8b03fb.jpg"
"102","삼성전자_UHD_TV_UN43NU7","618000","https://thumbnail15.coupangcdn.com/thumbnails/remote/230x230ex/image/vendor_inventory/images/2018/05/08/17/1/382ba54f-720c-4dfa-99b7-247235b4d91b.jpg"
"103","이엔티비_32인치_TV_삼성정품_E","158700","https://thumbnail15.coupangcdn.com/thumbnails/remote/230x230ex/image/vendor_inventory/images/2018/02/20/11/3/89158745-db19-4d28-89fe-c456ce36299b.jpg"
"104","49인치_55인치_65인치_커브드","439000","https://thumbnail13.coupangcdn.com/thumbnails/remote/230x230ex/image/vendor_inventory/images/2017/09/25/19/1/f1dbf5f6-58e4-4907-a73c-fa81173afe54.jpg"
"105","넥스디지탈_32인치_LED_TV_[","149000","https://thumbnail13.coupangcdn.com/thumbnails/remote/230x230ex/image/vendor_inventory/images/2018/04/02/14/1/4f288aff-e26f-422d-9f7b-9f9d132a0124.jpg"
"106","프리미엄_TV_안테나선_(1M~30","3500","https://thumbnail11.coupangcdn.com/thumbnails/remote/230x230ex/image/vendor_inventory/images/2017/08/30/13/7/604a576b-85cc-4fda-af59-24a0ec2d7804.jpg"
"107","LG_49UJ6300_UHD_리퍼","599000","https://thumbnail15.coupangcdn.com/thumbnails/remote/230x230ex/image/vendor_inventory/images/2018/08/31/11/3/4a43cc68-5635-4ba5-957b-185c29ad5376.jpg"
"108","삼성전자_LED_80_TV_HJ57","281370","https://thumbnail15.coupangcdn.com/thumbnails/remote/230x230ex/image/retail/images/2018/10/24/13/7/a83383e6-1d47-4d4d-a848-f21d034d69d6.jpg"
"109","PRISM_HD_LED_32형_TV","136320","https://thumbnail15.coupangcdn.com/thumbnails/remote/230x230ex/image/product/image/vendoritem/2018/11/22/3789357871/8a0a6c8f-62a3-4170-8402-2a1b233fa9ee.jpg"
"110","DSP_43인치_UHDTV_K430","309000","https://thumbnail15.coupangcdn.com/thumbnails/remote/230x230ex/image/vendor_inventory/images/2018/04/11/9/1/7a189e69-0913-40d9-867c-a693d8a9b673.jpg"
"111","LG_울트라_HD_TV_49UK68","910000","https://thumbnail13.coupangcdn.com/thumbnails/remote/230x230ex/image/vendor_inventory/images/2018/06/19/16/6/3bb280a0-e6b0-4788-9d5d-151232c1795a.jpg"
"112","WIDEVU_FULL_HD_LED","222130","https://thumbnail11.coupangcdn.com/thumbnails/remote/230x230ex/image/product/image/vendoritem/2018/09/18/3624616772/c151b6f1-de97-47ef-8da8-e153de205818.jpg"
"113","유맥스_UHD55인치TV_+_HDM","399000","https://thumbnail11.coupangcdn.com/thumbnails/remote/230x230ex/image/product/image/vendoritem/2018/11/26/3971871195/3f9d7663-ba07-4969-a03e-c48ecd743cf8.jpg"
"114","주연테크_32형_HD_TV_D32M","198090","https://thumbnail15.coupangcdn.com/thumbnails/remote/230x230ex/image/product/image/vendoritem/2018/09/12/3447932027/07848967-d1f0-4818-99f5-0c404e5cf547.jpg"
"115","더함_4K_UHD_LED_55형_코","449000","https://thumbnail12.coupangcdn.com/thumbnails/remote/230x230ex/image/product/image/vendoritem/2018/08/22/3587986664/5ceb2179-c199-4656-ab40-95454a82a049.jpg"
"116","대우루컴즈_UHD_50인치_TV_T","518500","https://thumbnail15.coupangcdn.com/thumbnails/remote/230x230ex/image/retail/images/2018/09/14/12/5/ded23542-cbf1-48bf-90b9-d6303449189f.jpg"
"117","삼성전자_4K_UHD_55_스탠드","970940","https://thumbnail13.coupangcdn.com/thumbnails/remote/230x230ex/image/retail/images/2018/09/28/18/5/e4e2051e-d09b-4e3a-bd25-73d1134f9326.jpg"
"118","NOTTOO_삼성_TV_전용_리모컨","4940","https://thumbnail13.coupangcdn.com/thumbnails/remote/230x230ex/image/retail/images/2017/06/15/17/3/04b45a3a-0b44-45c5-a7ec-746361ec47fe.jpg"
"119","더함_4K_UHD_(2160)_LE","279000","https://thumbnail12.coupangcdn.com/thumbnails/remote/230x230ex/image/retail/images/2017/11/10/10/1/f918f944-f6b0-4706-ba2f-de20e3855756.jpg"
"120","케이블마트_국산_고급_안테나선_유선","5000","https://thumbnail13.coupangcdn.com/thumbnails/remote/230x230ex/image/vendor_inventory/images/2017/08/22/16/1/4ebd7045-a9c1-4f6b-b599-b5aa85525ebe.jpg"
"121","대우루컴즈_UHD_LED_139_하","685100","https://thumbnail13.coupangcdn.com/thumbnails/remote/230x230ex/image/retail/images/2018/10/01/18/4/ae6a6b2e-e0ab-4d7d-9b01-7734bcf06bdd.jpg"
"122","케이블마트_고급_안테나선_ㄱ자_꺾임","3000","https://thumbnail12.coupangcdn.com/thumbnails/remote/230x230ex/image/vendor_inventory/images/2017/08/22/17/0/68d33eca-a960-434c-b593-4ebb4130b5ed.jpg"
"123","프리즘_4K_UHD_40형_TV_P","241300","https://thumbnail13.coupangcdn.com/thumbnails/remote/230x230ex/image/product/image/vendoritem/2018/01/19/3299935173/d6e2290d-9dd8-4ef3-a7e2-002597c6d48b.jpg"
"124","대우루컴즈_32인치_HD_TV_1.","209000","https://thumbnail15.coupangcdn.com/thumbnails/remote/230x230ex/image/vendor_inventory/images/2018/12/11/9/6/c380fcc6-8a5c-41e5-8c48-73f8c85a32da.jpg"
"125","와이드뷰_F_HDTV_LED_32인","169000","https://thumbnail14.coupangcdn.com/thumbnails/remote/230x230ex/image/vendor_inventory/images/2018/07/05/10/9/2aafe615-b9bd-4004-ae0a-39c78b7f7db0.jpg"
"126","대우루컴즈_4K_UHD_LED_55","629780","https://thumbnail14.coupangcdn.com/thumbnails/remote/230x230ex/image/product/image/vendoritem/2018/06/29/3632889578/b78363b6-2974-4a8c-86f6-0ae3ca58f9a9.jpg"
"127","인켈_4K_UHD_LED_55형_T","539000","https://thumbnail11.coupangcdn.com/thumbnails/remote/230x230ex/image/retail/images/2017/11/24/14/9/2e8ae65b-86a8-4d04-baaf-11cb72716371.jpg"
"128","CACC_65인치_CK_UHD_티비","800000","https://thumbnail12.coupangcdn.com/thumbnails/remote/230x230ex/image/vendor_inventory/images/2018/11/29/18/4/6896f188-9405-434e-8edb-af2996e5ec24.jpg"
"129","4K_UHD_LED_32형_M_모니","276570","https://thumbnail14.coupangcdn.com/thumbnails/remote/230x230ex/image/product/image/vendoritem/2018/06/22/3588618700/1b36695f-6d16-4cde-927e-224d87905f17.jpg"
"130","삼성전자_HG32NJ579NFXKR","359000","https://thumbnail11.coupangcdn.com/thumbnails/remote/230x230ex/image/vendor_inventory/images/2018/12/05/14/7/a640f66e-f31e-4674-b9f5-7c2e17243a5a.jpg"
"131","WIDEVU_TV_WV320HD-S","134410","https://thumbnail15.coupangcdn.com/thumbnails/remote/230x230ex/image/product/image/vendoritem/2018/09/12/3543400516/2b39a741-7b70-41d8-9105-29e6c849c90f.jpg"
"132","티비드_40형_FHD_TV_FT40","221000","https://thumbnail15.coupangcdn.com/thumbnails/remote/230x230ex/image/retail/images/2018/09/27/10/2/b017f271-40fd-4f61-ac52-9e5f64ffef01.jpg"
"133","DSP_32인치_LED_TV_KT3","149000","https://thumbnail12.coupangcdn.com/thumbnails/remote/230x230ex/image/vendor_inventory/images/2018/11/21/17/6/cf695ad1-5e6e-4d42-8255-2b14e97c3d34.jpg"
"134","뷰메이트_범용_TV 테이블_스탠드","32750","https://thumbnail12.coupangcdn.com/thumbnails/remote/230x230ex/image/retail/images/2017/11/23/16/4/05742b8a-584f-46fc-b0f2-8aa947f82012.jpg"
"135","인켈_4K_UHD_LED_43형_T","399000","https://thumbnail15.coupangcdn.com/thumbnails/remote/230x230ex/image/product/image/vendoritem/2018/06/15/3129996510/9cb79c56-33ca-4098-80be-6dd86c0cbe36.jpg"
"136","MOZZE_TV_W40ABS","244670","https://thumbnail13.coupangcdn.com/thumbnails/remote/230x230ex/image/retail/images/2018/01/30/11/0/fd8d7a8d-4692-4f76-ba0f-22cecfcfb179.jpg"
"137","스마트라_40인치_F_HD_TV_자","201000","https://thumbnail13.coupangcdn.com/thumbnails/remote/230x230ex/image/vendor_inventory/images/2018/10/15/11/0/a5ae5963-e02b-4b36-9644-9c3113e872b3.jpg"
"138","삼성전자_HD_80_TV_UN32N","322340","https://thumbnail14.coupangcdn.com/thumbnails/remote/230x230ex/image/retail/images/2018/11/12/11/0/d5a68d3f-7dc8-4c87-86af-81ad8e1be185.jpg"
"139","자비오씨엔씨_F_HD_42형_TV","305980","https://thumbnail14.coupangcdn.com/thumbnails/remote/230x230ex/image/product/image/vendoritem/2018/06/21/3299596524/0b6be04b-5164-4575-92f9-51161f3b7af6.jpg"
"140","JVC_32인치_HD_LED_TV","251100","https://thumbnail12.coupangcdn.com/thumbnails/remote/230x230ex/image/product/image/vendoritem/2018/09/12/3454227536/d8e10270-a66f-45a0-8dcf-8a8c4685d580.jpg"
"141","PRISM_HD_DLED_32형_H","141550","https://thumbnail15.coupangcdn.com/thumbnails/remote/230x230ex/image/retail/images/2018/07/03/16/0/4dcd0821-378f-47be-8c3a-5e57c7f10667.jpg"
"142","클라인즈_32인치_FHD_LED_T","359440","https://thumbnail12.coupangcdn.com/thumbnails/remote/230x230ex/image/product/image/vendoritem/2018/09/12/3477943651/58e7c8cb-e6c0-4e92-854a-215d3cea10e9.jpg"
"143","하이얼_HD_LED_24형_TV_블","215100","https://thumbnail12.coupangcdn.com/thumbnails/remote/230x230ex/image/product/image/vendoritem/2018/09/18/3760505920/7cbbcde4-aa88-4be9-9e8b-735da16c5cfb.jpg"
"144","인트로스_COSTEL_32인치_HD","206100","https://thumbnail15.coupangcdn.com/thumbnails/remote/230x230ex/image/retail/images/2018/03/23/10/3/75b763f3-9847-4e00-bb38-bb50e3499cea.jpg"
"145","TTV_32형_LED_TV_HD_T","206100","https://thumbnail12.coupangcdn.com/thumbnails/remote/230x230ex/image/retail/images/2018/04/10/14/6/9c6aee5b-a0ac-4845-929d-57a3e18a578e.jpg"
"146","WIDEVU_FULL_HD_LED","179160","https://thumbnail11.coupangcdn.com/thumbnails/remote/230x230ex/image/product/image/vendoritem/2018/09/18/3624616773/7e4984fe-ecdf-4a95-a1e2-f10289575892.jpg"
"147","넥스디지탈_32인치_LED_TV_[","242250","https://thumbnail15.coupangcdn.com/thumbnails/remote/230x230ex/image/vendor_inventory/images/2018/04/02/14/3/0abcfaa0-cec4-407f-b10d-ae350774ff84.jpg"
"148","프론티어_FHD_81_LED_TV","164000","https://thumbnail12.coupangcdn.com/thumbnails/remote/230x230ex/image/retail/images/2018/11/12/17/9/ec1f79ce-1a24-4337-94df-b7b2d7656eac.jpg"
"149","TTV_39형_LED_TV_HD_T","160000","https://thumbnail15.coupangcdn.com/thumbnails/remote/230x230ex/image/retail/images/2018/04/20/14/3/9ab3c141-ebc4-4de7-9934-3546894ccfef.jpg"
"150","자비오씨엔씨_F_HD_LED_40형","251020","https://thumbnail12.coupangcdn.com/thumbnails/remote/230x230ex/image/product/image/vendoritem/2018/06/28/3299596522/5f97f5d2-1364-4faf-b925-79c835682bfb.jpg"
"151","세종텔레콤_FULL_HD_LED_8","290920","https://thumbnail15.coupangcdn.com/thumbnails/remote/230x230ex/image/retail/images/2018/11/19/12/4/900d6cd8-f862-4b18-b3b7-70e793d4b49d.jpg"
"152","웨스팅하우스_HD_720_LED_3","178990","https://thumbnail14.coupangcdn.com/thumbnails/remote/230x230ex/image/retail/images/2017/07/26/11/3/04999235-93cc-4191-a48e-d701789099de.jpg"
"153","대우루컴즈_F_HD_LED_40형","280310","https://thumbnail13.coupangcdn.com/thumbnails/remote/230x230ex/image/product/image/vendoritem/2018/06/27/3607553495/c764f1f7-d677-4bd1-a173-ad50e2c7ae79.jpg"
"154","자비오씨엔씨_32형_HD_X3200","584140","https://thumbnail13.coupangcdn.com/thumbnails/remote/230x230ex/image/retail/images/2017/09/20/11/1/cb94c5a4-feec-4a98-b453-a14bf915edbe.jpg"
"155","오트릭스(O)_OXD-32LED_T","176170","https://thumbnail15.coupangcdn.com/thumbnails/remote/230x230ex/image/product/image/vendoritem/2018/09/12/3628260197/907b9ebb-6275-401b-8d81-229d721f5021.jpg"
"156","큐닉스_40형_프리미엄_LED_FH","171000","https://thumbnail12.coupangcdn.com/thumbnails/remote/230x230ex/image/retail/images/2017/12/07/20/1/24279ef3-e45b-4a8e-a5fe-cd0df04aa7af.jpg"
"157","컴스마트_디지털TV_안테나_수신기","218350","https://thumbnail11.coupangcdn.com/thumbnails/remote/230x230ex/image/retail/images/2018/06/04/16/9/855bc95e-a679-4d71-a3a0-81444b655363.jpg"
"158","삼성전자_F_HD_LED_49형_T","7490","https://thumbnail12.coupangcdn.com/thumbnails/remote/230x230ex/image/product/image/vendoritem/2018/06/19/3303657541/c97aaef1-5fe9-4033-b792-055c0d0153b9.jpg"
"159","LG전자_미니빔_TV_프로젝터_PH","719000","https://thumbnail14.coupangcdn.com/thumbnails/remote/230x230ex/image/product/image/vendoritem/2018/06/08/3136042915/c5fd43d7-786f-4697-adb5-880ad374871a.jpg"
"160","제네시스_32인치_HD_TV_GS3","509000","https://thumbnail11.coupangcdn.com/thumbnails/remote/230x230ex/image/vendor_inventory/images/2018/07/24/14/0/a708169f-570f-4d5e-834d-6d1094fd3fef.jpg"
"161","CIMA_32인치TV_CL32YNF","149000","https://thumbnail11.coupangcdn.com/thumbnails/remote/230x230ex/image/vendor_inventory/images/2017/07/30/15/5/1fbed4c8-e6f1-444d-8356-b7505b21ee2b.jpg"
"162","삼성전자_UHD_43형_평면_TV","155000","https://thumbnail12.coupangcdn.com/thumbnails/remote/230x230ex/image/product/image/vendoritem/2018/08/21/3818400346/1f82bf84-6ace-4b3a-bfc4-e7535bae5810.jpg"
"163","에이브이맥스_삼성_디지털TV_무설정","626080","https://thumbnail12.coupangcdn.com/thumbnails/remote/230x230ex/image/retail/images/2017/08/11/16/2/5e51aa89-6743-4ea0-954a-f23b6d15e8c3.jpg"
"164","LG전자_FULL_HD_LED_43","5230","https://thumbnail11.coupangcdn.com/thumbnails/remote/230x230ex/image/product/image/vendoritem/2018/07/25/3350995778/e8d77a96-f296-48d6-8b35-e8118690f1a5.jpg"
"165","와이드뷰_4K_UHD_LED_49형","643890","https://thumbnail15.coupangcdn.com/thumbnails/remote/230x230ex/image/product/image/vendoritem/2018/06/29/3543400526/466e1da1-92cc-41bf-b0a1-ad599f2b5789.jpg"
"166","뷰메이트_테이블_TV_스탠드_거치대","302110","https://thumbnail12.coupangcdn.com/thumbnails/remote/230x230ex/image/retail/images/2018/03/09/17/8/ebccaf31-ac9d-4d6c-be2c-297ccf52fd68.jpg"
"167","엔산마운트_TV_브라켓_KL-22T","27630","https://thumbnail15.coupangcdn.com/thumbnails/remote/230x230ex/image/retail/images/2017/08/10/12/1/fece2461-860c-4e83-bb06-ab812f55763d.jpg"
"168","마루느루_풀_모션_TV_브라켓_20","9160","https://thumbnail11.coupangcdn.com/thumbnails/remote/230x230ex/image/retail/images/2018/07/05/15/9/e8a14721-7e01-4f55-b693-d1d874a0181d.jpg"
"169","삼성전자_UHD_123_TV_+_벽","24300","https://thumbnail12.coupangcdn.com/thumbnails/remote/230x230ex/image/retail/images/2018/10/24/13/1/2af3c4dc-58a1-4225-a8ac-e337ecc88033.jpg"
"170","LG전자_미니빔_TV_PH550_+","757660","https://thumbnail14.coupangcdn.com/thumbnails/remote/230x230ex/image/product/image/vendoritem/2018/06/18/3586151348/8d3c8448-976c-4094-b49d-42f2ee13c455.jpg"
"171","VRID_32인치LED_TV_삼성A","524000","https://thumbnail15.coupangcdn.com/thumbnails/remote/230x230ex/image/vendor_inventory/images/2018/08/22/10/8/960c089f-b3cf-44e5-b5cb-409dfc354bd4.jpg"
"172","대우루컴즈_L32DABZ1TTV_L","129000","https://thumbnail11.coupangcdn.com/thumbnails/remote/230x230ex/image/vendor_inventory/images/2018/10/10/12/7/2229c2c1-dce7-4638-804b-0ba9480eaa62.jpg"
"173","LG전자_미니빔_TV_프로젝터_PF","205000","https://thumbnail15.coupangcdn.com/thumbnails/remote/230x230ex/image/product/image/vendoritem/2018/06/22/3586151343/ade1dcd5-2e38-46ed-9e1b-9eb3d31497f4.jpg"
"174","[특가]와이드뷰_UHD_LED_43","719100","https://thumbnail15.coupangcdn.com/thumbnails/remote/230x230ex/image/vendor_inventory/images/2018/06/27/14/8/16498b44-9f6a-4ff8-baef-5801e80fbd27.jpg"
"175","엔산마운트_모니터TV_브라켓_PW-","279000","https://thumbnail15.coupangcdn.com/thumbnails/remote/230x230ex/image/retail/images/2016/03/23/18/7/c17206fb-d343-4c99-8bfc-a228b05ad067.jpg"
"176","CIMA_32인치TV_CL32YNF","11880","https://thumbnail11.coupangcdn.com/thumbnails/remote/230x230ex/image/vendor_inventory/images/2017/07/30/15/7/cf1cf696-e446-4e4d-b99c-ada59ce24d42.jpg"
"177","엔산마운트_모니터TV_브라켓_LW-","9000","https://thumbnail11.coupangcdn.com/thumbnails/remote/230x230ex/image/product/image/vendoritem/2016/12/07/3016684480/7a9cbb5a-2169-4929-b2b0-9773762cacef.jpg"
"178","중고TV_무료배송무료설치_03._엘","14000","https://thumbnail13.coupangcdn.com/thumbnails/remote/230x230ex/image/vendor_inventory/images/2017/11/08/12/9/499867a4-8102-4091-9886-7bbd54f4772d.jpg"
"179","와이드뷰_FHD_LED_40인치_T","220000","https://thumbnail11.coupangcdn.com/thumbnails/remote/230x230ex/image/vendor_inventory/images/2018/06/27/14/4/4b03679b-4525-47f6-b99e-46bcb1f17f10.jpg"
"180","LG전자_미니빔_TV_PH550_프","229000","https://thumbnail12.coupangcdn.com/thumbnails/remote/230x230ex/image/product/image/vendoritem/2018/06/20/3586151341/195fd66c-8432-4422-beb3-746b12b0c575.jpg"
"181","LG전자_미니빔_TV_PH550_프","519000","https://thumbnail13.coupangcdn.com/thumbnails/remote/230x230ex/image/vendor_inventory/images/2017/11/08/12/9/499867a4-8102-4091-9886-7bbd54f4772d.jpg"
"182","중고TV_무료배송무료설치_01._엘","150000","https://thumbnail11.coupangcdn.com/thumbnails/remote/230x230ex/image/vendor_inventory/images/2018/06/27/14/4/4b03679b-4525-47f6-b99e-46bcb1f17f10.jpg"
"183","LG_LED_TV_43LK5620E","526000","https://thumbnail12.coupangcdn.com/thumbnails/remote/230x230ex/image/product/image/vendoritem/2018/06/20/3586151341/195fd66c-8432-4422-beb3-746b12b0c575.jpg"
"184","CIMA_32인치TV_CL32YNF","4000","https://thumbnail13.coupangcdn.com/thumbnails/remote/230x230ex/image/vendor_inventory/images/2017/11/08/11/2/d18b80bc-f21d-4625-ba75-35497565d48f.jpg"
"185","CIMA_32인치TV_CL32YNF","5000","https://thumbnail13.coupangcdn.com/thumbnails/remote/230x230ex/image/vendor_inventory/images/2018/09/07/15/2/e1697ad0-3eb6-40ce-aed8-2c6f86eee903.jpg"
"186","LG_32인치_HD_LED_TV_리","264000","https://thumbnail14.coupangcdn.com/thumbnails/remote/230x230ex/image/vendor_inventory/images/2017/07/30/15/3/26c9b198-4304-4279-bb73-4995f52f5043.jpg"
"187","니코_TV_벽걸이_브라켓_JF-44","18200","https://thumbnail11.coupangcdn.com/thumbnails/remote/230x230ex/image/vendor_inventory/images/2017/07/30/15/7/48341b50-a500-49f2-9687-946b536d9339.jpg"
"188","중고TV_무료배송무료설치_02._삼","170000","https://thumbnail15.coupangcdn.com/thumbnails/remote/230x230ex/image/vendor_inventory/images/2018/11/21/15/8/4c5fe46a-6a7e-462e-b6a9-550b83b7936e.jpg"
"189","LG_울트라_HD_TV_55UK68","1021000","https://thumbnail14.coupangcdn.com/thumbnails/remote/230x230ex/image/product/image/vendoritem/2015/11/10/3005491739/925c818e-2f11-42ca-88f2-e0fb2656242a.jpg"
"190","LEDTV_엘지삼성_01._엘지32","190000","https://thumbnail15.coupangcdn.com/thumbnails/remote/230x230ex/image/vendor_inventory/images/2017/11/08/11/1/be7a4505-5756-490c-8449-f390adfcc1dd.jpg"
"191","엔산마운트_TV_브라켓_KL-22F","7540","https://thumbnail13.coupangcdn.com/thumbnails/remote/230x230ex/image/vendor_inventory/images/2018/11/21/17/3/cb9a3926-f4a8-42b7-b75a-278636e47443.jpg"
"192","WIDEVU_TV_WV400UHD-","249000","https://thumbnail11.coupangcdn.com/thumbnails/remote/230x230ex/image/vendor_inventory/images/2017/12/18/18/2/9eaa1445-9b48-484e-a09f-e50805bb3ae0.jpg"
"193","WIDEVU_TV_WV400UHD-","239000","https://thumbnail13.coupangcdn.com/thumbnails/remote/230x230ex/image/retail/images/2017/08/10/12/5/8bf9deae-ddb2-477a-a15c-ebe1258fb4c5.jpg"
"194","컴스_UHF_디지털_TV_실내_안테","7840","https://thumbnail12.coupangcdn.com/thumbnails/remote/230x230ex/image/product/image/vendoritem/2018/09/13/3543400523/0a0052f2-079a-44b3-b1c9-3810b4670bdb.jpg"
"195","TV_벽걸이_브라켓_20형_32형","40000","https://thumbnail14.coupangcdn.com/thumbnails/remote/230x230ex/image/retail/images/2018/02/21/16/8/a2e2ef50-89bc-4e7c-8dee-15949d52ed78.jpg"
"196","대우루컴즈_F_HD_LED_40형","467280","https://thumbnail15.coupangcdn.com/thumbnails/remote/230x230ex/image/product/image/vendoritem/2016/05/20/3014831531/3f408a14-8cd2-4809-9113-19a5710770bd.jpg"
"197","진미디어_LNP_모니터_22인치_L","220000","https://thumbnail11.coupangcdn.com/thumbnails/remote/230x230ex/image/vendor_inventory/images/2018/07/05/4/1/ceb2cb84-4a99-4bc4-ae5b-74881ea60a42.jpg"
"198","CIMA_32인치TV_CL32YNF","165000","https://thumbnail12.coupangcdn.com/thumbnails/remote/230x230ex/image/product/image/vendoritem/2018/05/30/3109912929/862d8a94-2711-4930-925a-deb7b2970115.jpg"
"199","에이브이맥스_LG_디지털TV_무설정","5230","https://thumbnail13.coupangcdn.com/thumbnails/remote/230x230ex/image/vendor_inventory/images/2018/10/19/9/8/516078bd-3430-4831-9fe0-49f5491dc253.jpg"
"200","마하링크_최고급_안테나_TV_동축","9430","https://thumbnail12.coupangcdn.com/thumbnails/remote/230x230ex/image/vendor_inventory/images/2017/07/30/15/8/b8cea2be-d3f2-48b2-a342-48ffeab1206a.jpg"
"201","삼성전자_UHD_138_TV_+_벽","1206220","https://thumbnail15.coupangcdn.com/thumbnails/remote/230x230ex/image/retail/images/2017/08/11/16/4/23339fe1-5327-44df-a6a9-692f8754ff47.jpg"
"202","삼성전자_UHD_138_P_TV_+","1320100","https://thumbnail12.coupangcdn.com/thumbnails/remote/230x230ex/image/retail/images/2018/10/01/17/6/34e7ff2d-f731-4980-8d90-6fcf8eeee6ba.jpg"
"203","삼성전자_UHD_138_P_TV_+","1320100","https://thumbnail11.coupangcdn.com/thumbnails/remote/230x230ex/image/retail/images/2018/10/24/13/0/6fb7ccaf-cc38-441c-89d7-8bc3f78d8c68.jpg"
"204","젠티뷰_20~32인치TV_22인치","131000","https://thumbnail11.coupangcdn.com/thumbnails/remote/230x230ex/image/retail/images/2018/10/24/13/7/c2d7a4da-d0c1-4ce5-b66a-e412e7cbe358.jpg"
"205","삼성전자_HG32NJ579NFXKR","289000","https://thumbnail13.coupangcdn.com/thumbnails/remote/230x230ex/image/retail/images/2018/10/24/13/3/97c3d206-5958-4051-8582-8086b98b220c.jpg"
"206","삼성전자_삼성전자_UHD_138_T","1206220","https://thumbnail11.coupangcdn.com/thumbnails/remote/230x230ex/image/vendor_inventory/images/2018/06/27/17/8/7410445f-c9c0-4f39-b4ac-0ef7846dc277.jpg"
"207","컴스마트_디지털TV_안테나_수신기","7490","https://thumbnail15.coupangcdn.com/thumbnails/remote/230x230ex/image/vendor_inventory/images/2018/11/13/18/2/2c8ecec9-fe81-47b7-b3ea-818719cbdc90.jpg"
"208","CIMA_32인치TV_CL32YNF","155000","https://thumbnail14.coupangcdn.com/thumbnails/remote/230x230ex/image/retail/images/2018/10/24/13/5/fda95243-ae53-4dac-bdde-95c472efc489.jpg"
"209","CIMA_32인치TV_CL32YNF","136000","https://thumbnail15.coupangcdn.com/thumbnails/remote/230x230ex/image/retail/images/2018/06/04/16/2/afaa194c-2080-4920-9226-8dc328aae4b0.jpg"
"210","젠티뷰_20~32인치TV_32인치","139000","https://thumbnail11.coupangcdn.com/thumbnails/remote/230x230ex/image/vendor_inventory/images/2017/07/30/15/4/1b748ba0-db6b-4677-ba42-e93335679115.jpg"
"211","인켈_SD40SKF_선택3.벽걸이설","379000","https://thumbnail15.coupangcdn.com/thumbnails/remote/230x230ex/image/vendor_inventory/images/2017/08/03/10/1/08cc0d0c-9ffe-4560-9b9c-e415a5aba48b.jpg"
"212","엔산마운트_모니터TV_브라켓_PW-","22570","https://thumbnail12.coupangcdn.com/thumbnails/remote/230x230ex/image/vendor_inventory/images/2018/12/04/12/4/77ca4db9-a4cb-4aee-bdf6-a5cd527220a9.jpg"
"213","유맥스_UHD55R_55인치_UHD","478000","https://thumbnail12.coupangcdn.com/thumbnails/remote/230x230ex/image/vendor_inventory/images/2018/06/01/17/6/d53416d6-7b46-4deb-aad8-ff2df706ead1.jpg"
"214","LG_올레드_TV_OLED55C8G","2340000","https://thumbnail15.coupangcdn.com/thumbnails/remote/230x230ex/image/retail/images/2016/03/23/18/2/8052d88d-6a80-4c95-9331-0568cb640a8e.jpg"
"215","컴스마트_디지털TV_안테나_수신기","14250","https://thumbnail11.coupangcdn.com/thumbnails/remote/230x230ex/image/vendor_inventory/images/2018/11/15/14/1/f3dffad0-a026-419e-9c5a-902c41880157.jpg"
"216","시네아이_40인치_UHD_TV_W4","259000","https://thumbnail11.coupangcdn.com/thumbnails/remote/230x230ex/image/vendor_inventory/images/2018/09/04/16/1/6b210593-3a82-4a19-8f52-bded7e5e303f.jpg"
"217","시네아이_40인치_UHD_TV_W4","49900","https://thumbnail13.coupangcdn.com/thumbnails/remote/230x230ex/image/retail/images/2018/02/27/18/7/f0c92cd0-14c7-4116-9eb0-f67fbe06a679.jpg"
"218","뷰메이트_틸트_상하좌우형_모니터TV","259000","https://thumbnail15.coupangcdn.com/thumbnails/remote/230x230ex/image/product/image/vendoritem/2018/09/19/3477943649/8f548718-1457-4ba0-83b0-12be1a389d17.jpg"
"219","뷰메이트_테이블용_대형TV_스탠드","6050","https://thumbnail15.coupangcdn.com/thumbnails/remote/230x230ex/image/retail/images/2017/03/27/21/5/92903f5a-66d8-40b0-8238-268d4fb7b8f8.jpg"
"220","클라인즈_40인치_FHD_LED_T","271660","https://thumbnail11.coupangcdn.com/thumbnails/remote/230x230ex/image/product/image/vendoritem/2018/09/12/3452639710/cd01008e-4019-40b1-b029-2522b3709fb9.jpg"
"221","AV-MAX_TV_통합_리모컨_AV","18700","https://thumbnail14.coupangcdn.com/thumbnails/remote/230x230ex/image/retail/images/2018/03/26/12/1/135bccb1-d0e1-42a4-aec0-343e6fbd3dea.jpg"
"222","카레나_40인치_UHD_TV_F40","279000","https://thumbnail14.coupangcdn.com/thumbnails/remote/230x230ex/image/product/image/vendoritem/2018/01/11/3477943648/5d4f6b4e-c9ed-44fc-b636-6430d935bd8b.jpg"
"223","예담_TV_모니터_벽걸이_브라켓_고","526000","https://thumbnail13.coupangcdn.com/thumbnails/remote/230x230ex/image/vendor_inventory/images/2018/06/14/11/3/efd2fd61-fa7e-430e-93df-a5f51221ee47.jpg"
"224","클라인즈_40인치_UHD_LED_T","10140","https://thumbnail11.coupangcdn.com/thumbnails/remote/230x230ex/image/retail/images/2017/03/27/21/9/ccc094d8-2bb2-4a27-86da-987ade5405e2.jpg"
"225","LG_LED_TV_43LK5620E","149000","https://thumbnail14.coupangcdn.com/thumbnails/remote/230x230ex/image/product/image/vendoritem/2018/01/11/3477943650/680f7e00-1017-4fee-bf06-40a266a898ab.jpg"
"226","AV-MAX_TV_통합_리모컨_AV","145000","https://thumbnail13.coupangcdn.com/thumbnails/remote/230x230ex/image/vendor_inventory/images/2018/11/13/13/8/93a5621b-c84e-4080-9912-efe63311c76b.jpg"
"227","클라인즈_32인치_HD_LED_TV","394000","https://thumbnail13.coupangcdn.com/thumbnails/remote/230x230ex/image/vendor_inventory/images/2018/12/11/9/7/0dccc716-a5a6-44a3-87d2-069d1f5fa7ff.jpg"
"228","시네아이_32인치_HD_TV_C32","309000","https://thumbnail15.coupangcdn.com/thumbnails/remote/230x230ex/image/vendor_inventory/images/2018/08/01/10/2/f63cff3f-33c6-4888-a1da-77d59799c33d.jpg"
"229","대우루컴즈_40인치_F_HD_TV","149000","https://thumbnail15.coupangcdn.com/thumbnails/remote/230x230ex/image/product/image/vendoritem/2018/01/11/3477943656/782ec3af-09fd-4bfd-83c5-e3f26f051027.jpg"
"230","KLEINZ_40인치_TV_4K_U","619000","https://thumbnail15.coupangcdn.com/thumbnails/remote/230x230ex/image/vendor_inventory/images/2018/09/20/19/6/08cd96d7-ffda-4fde-ac1b-fbb5a8dcb31f.jpg"
"231","클라인즈_24인치_FHD_LED_T","757530","https://thumbnail11.coupangcdn.com/thumbnails/remote/230x230ex/image/product/image/vendoritem/2018/07/25/3350995806/10ea6daf-f125-4831-bcc3-9a6141f8154a.jpg"
"232","티비드_TV_&;_모니터_시리즈_1","469000","https://thumbnail12.coupangcdn.com/thumbnails/remote/230x230ex/image/vendor_inventory/images/2018/11/23/18/0/ebc0edc5-bea3-457b-9371-2b2844d1d8c4.jpg"
"233","LG전자_F_HD_LED_123","279000","https://thumbnail11.coupangcdn.com/thumbnails/remote/230x230ex/image/vendor_inventory/images/2018/05/17/14/7/04194e34-8e35-4fbd-a012-948405b92a9e.jpg"
"234","삼성_TV_HG43NJ570MFXK","169000","https://thumbnail12.coupangcdn.com/thumbnails/remote/230x230ex/image/vendor_inventory/images/2018/07/06/14/3/3025c088-2631-4f6a-add6-b3998e82fed6.jpg"
"235","인비토_40인치_CMO_무결점_패널","275000","https://thumbnail14.coupangcdn.com/thumbnails/remote/230x230ex/image/vendor_inventory/images/2018/06/12/11/8/2b9fd761-dbce-4c31-9830-ed180cedcd5e.jpg"
"236","더함_32인치_F_HD_TV_002","229000","https://thumbnail13.coupangcdn.com/thumbnails/remote/230x230ex/image/vendor_inventory/images/2017/12/13/11/7/267257e4-6088-40d4-967d-1efbd489ecb2.jpg"
"237","모넥스_UHD_40인치(81)_TV","315000","https://thumbnail14.coupangcdn.com/thumbnails/remote/230x230ex/image/vendor_inventory/images/2017/07/18/14/3/0bd19453-1a34-4b01-81a7-ed4a372ec60d.jpg"
"238","WIDEVU_40인치_FULLHDT","255000","https://thumbnail12.coupangcdn.com/thumbnails/remote/230x230ex/image/vendor_inventory/images/2017/08/25/13/4/40574d25-9556-440a-988a-7853b830ff65.jpg"
"239","삼성_HD_TV_UN32M4000A","155000","https://thumbnail11.coupangcdn.com/thumbnails/remote/230x230ex/image/vendor_inventory/images/2018/08/01/14/5/df6ac124-fa2b-4eca-a9f0-056f759dbffd.jpg"
"240","카레나_40인치_FHD_광시야각_L","225000","https://thumbnail13.coupangcdn.com/thumbnails/remote/230x230ex/image/vendor_inventory/images/2018/08/24/15/9/14916b54-5363-4423-95fc-41943518c86a.jpg"
"241","L_LED_HD_TV_JYLT-32","239000","https://thumbnail13.coupangcdn.com/thumbnails/remote/230x230ex/image/vendor_inventory/images/2018/11/26/16/2/89b358e5-36aa-4ab2-b125-2bac74f53909.jpg"
"242","[해커씨앤씨]_해커_FHD_TV_4","129000","https://thumbnail15.coupangcdn.com/thumbnails/remote/230x230ex/image/vendor_inventory/images/2018/12/06/17/3/b8a35a48-80ee-4772-80b0-a8c6e073320d.jpg"
"243","[피데스]_40형_UHD_TV_WF","239000","https://thumbnail13.coupangcdn.com/thumbnails/remote/230x230ex/image/vendor_inventory/images/2018/11/13/15/4/987a99cb-e07f-493a-ac5b-6eae368d0c7f.jpg"
"244","[피데스]_32형_HD_TV_WP3","159000","https://thumbnail14.coupangcdn.com/thumbnails/remote/230x230ex/image/vendor_inventory/images/2018/07/09/12/2/f7d8410e-2d3f-4e87-81aa-8431ba02a92a.jpg"
"245","티비드_TV_&;_모니터_시리즈_0","1290000","https://thumbnail14.coupangcdn.com/thumbnails/remote/230x230ex/image/vendor_inventory/images/2018/09/20/19/1/9bd98efa-bc16-42c9-b2fe-6610eddc8fb7.jpg"
"246","티비드_TV_&;_모니터_시리즈_1","331210","https://thumbnail11.coupangcdn.com/thumbnails/remote/230x230ex/image/product/image/vendoritem/2018/06/29/3543400519/01871abd-0743-438e-95bf-bafd527a4ff4.jpg"
"247","티비드_TV_&;_모니터_시리즈_0","440000","https://thumbnail11.coupangcdn.com/thumbnails/remote/230x230ex/image/vendor_inventory/images/2018/11/28/13/7/b8b8366c-d390-41eb-be87-8d1676f8f950.jpg"
"248","와이드뷰_4K_UHD_LED_49형","486000","https://thumbnail14.coupangcdn.com/thumbnails/remote/230x230ex/image/vendor_inventory/images/2018/10/10/14/8/3162c206-b5c6-454d-9bc2-378cecdca182.jpg"
"249","[해커씨앤씨]_UHD_LED_TV","699000","https://thumbnail11.coupangcdn.com/thumbnails/remote/230x230ex/image/vendor_inventory/images/2018/11/22/15/2/967dedfc-a8c8-4c9c-bf89-67d2dbde9e14.jpg"
"250","CJ헬로(렌탈가능)_JVC_TV_4","324000","https://thumbnail11.coupangcdn.com/thumbnails/remote/230x230ex/image/vendor_inventory/images/2018/08/31/14/9/02350f5f-eac8-4299-a35f-8d4a8de704f8.jpg"
"251","대우전자_LED_HD_TV_L32U","129000","https://thumbnail15.coupangcdn.com/thumbnails/remote/230x230ex/image/vendor_inventory/images/2018/06/23/21/7/483c2164-e665-4afa-bea4-c4b3026e4966.jpg"
"252","[해커씨앤씨]_해커_FHD_TV_4","250000","https://thumbnail12.coupangcdn.com/thumbnails/remote/230x230ex/image/vendor_inventory/images/2017/12/06/18/3/5af2eec8-53fb-4750-b496-461a8dd56e87.jpg"
"253","[해커씨앤씨]_해커_FHD_TV_4","255000","https://thumbnail11.coupangcdn.com/thumbnails/remote/230x230ex/image/vendor_inventory/images/2018/08/31/15/6/13f37711-96a0-4995-a50c-9b411b367ea8.jpg"
"254","모넥스_24인치_FHD_TV_M24","145000","https://thumbnail11.coupangcdn.com/thumbnails/remote/230x230ex/image/vendor_inventory/images/2018/11/21/17/9/ca05d233-312d-48eb-9be9-dfbd2d036751.jpg"
"255","CJ렌탈(렌탈가능)_JVC_HD_T","450000","https://thumbnail14.coupangcdn.com/thumbnails/remote/230x230ex/image/vendor_inventory/images/2018/10/10/14/0/a9516675-804a-434e-a9ef-9a7f86658bd2.jpg"
"256","DSP_32인치_풀HDTV_K320","183000","https://thumbnail11.coupangcdn.com/thumbnails/remote/230x230ex/image/vendor_inventory/images/2018/11/27/18/3/9da053bc-40c4-473f-a510-79d60f0f7697.jpg"
"257","클라인즈_광시야각패널_20인치_LE","129000","https://thumbnail13.coupangcdn.com/thumbnails/remote/230x230ex/image/vendor_inventory/images/2018/11/23/17/5/828f9de0-e3c2-423f-a530-e1a6cc93bee6.jpg"
"258","CJ헬로(렌탈가능)_LG_HD_TV","356400","https://thumbnail13.coupangcdn.com/thumbnails/remote/230x230ex/image/vendor_inventory/images/2018/10/10/15/1/1f5b639b-3c5f-47df-9045-d1ebe6c5f051.jpg"
"259","DK4000_40인치형_FHD_TV","214000","https://thumbnail13.coupangcdn.com/thumbnails/remote/230x230ex/image/vendor_inventory/images/2018/08/31/14/4/42b9e4f5-ca00-44cf-a447-e37d67639a40.jpg"
"260","대우루컴즈_4K_UHD_LED_49","494160","https://thumbnail13.coupangcdn.com/thumbnails/remote/230x230ex/image/retail/images/2017/08/10/16/5/00fac919-8120-4c33-b063-f8c270ab565b.jpg"
"261","삼성전자_4K_UHD_163_스탠드","1437920","https://thumbnail11.coupangcdn.com/thumbnails/remote/230x230ex/image/retail/images/2018/09/27/17/6/8f8dcea9-9761-4b1e-928c-dee4027ed226.jpg"
"262","[동영미디어]_빌트인_씽크대_주방","529000","https://thumbnail13.coupangcdn.com/thumbnails/remote/230x230ex/image/vendor_inventory/images/2017/03/24/14/4/ecb78966-8775-4463-8922-4d7896b54428.jpg"
"263","새로닉스_스마트_주방빌트인_터치스크","409000","https://thumbnail15.coupangcdn.com/thumbnails/remote/230x230ex/image/vendor_inventory/images/2016/10/12/13/2/4661a235-03b4-4a54-8dc0-8cdda50d224b.jpg"
"264","젠티뷰_CN-B320FHD_32인치","168000","https://thumbnail12.coupangcdn.com/thumbnails/remote/230x230ex/image/vendor_inventory/images/2018/09/13/16/5/f01a2fba-6b07-40e5-8374-ea2d195401b7.jpg"
"265","젠티뷰_CN-B320FHD_32인치","158000","https://thumbnail11.coupangcdn.com/thumbnails/remote/230x230ex/image/vendor_inventory/images/2018/09/13/16/9/e6c4aaa8-e3c4-4a6b-8598-ff4eb4d02db2.jpg"
"266","아남_HDL320CT_81(32인치","279000","https://thumbnail12.coupangcdn.com/thumbnails/remote/230x230ex/image/vendor_inventory/images/2018/12/12/12/1/36740930-f50f-4804-85cb-fe54067f7e31.jpg"
"267","새로닉스_빌트인_부엌가구_씽크대_디","469000","https://thumbnail13.coupangcdn.com/thumbnails/remote/230x230ex/image/vendor_inventory/images/2017/03/24/9/0/abadffee-fd32-4d2d-8e9c-2f94ba1fce95.jpg"
"268","JVC_LT-32MK370_80(3","269000","https://thumbnail15.coupangcdn.com/thumbnails/remote/230x230ex/image/vendor_inventory/images/2018/12/11/16/0/5ef0d0ce-0107-4a98-864b-5046106a0ab2.jpg"
"269","JVC_LT-43MK770_109(","549000","https://thumbnail11.coupangcdn.com/thumbnails/remote/230x230ex/image/vendor_inventory/images/2018/12/12/11/0/b85a0d77-bf94-45e6-b425-163452e7d307.jpg"
"270","JVC_LT-40MK570_102(","379000","https://thumbnail14.coupangcdn.com/thumbnails/remote/230x230ex/image/vendor_inventory/images/2018/12/11/16/6/afdb3c42-f013-4a51-9f20-c150f0926948.jpg"
"271","(주)브리드_40인치_UHD_TV","249000","https://thumbnail12.coupangcdn.com/thumbnails/remote/230x230ex/image/vendor_inventory/images/2018/04/09/17/9/3ee9741e-0c89-49de-9fa5-09fa9ac497e3.jpg"
"272","하이얼_55형_4K_고화질_UHD","539000","https://thumbnail15.coupangcdn.com/thumbnails/remote/230x230ex/image/vendor_inventory/images/2018/02/23/15/3/a62090b2-3306-4883-b243-4546da1b69fd.jpg"
"273","오리온탑싱크_TOP32HD-SCF","249000","https://thumbnail15.coupangcdn.com/thumbnails/remote/230x230ex/image/vendor_inventory/images/2018/09/19/15/3/9e6a7a90-6dc9-4b62-822f-54fa270cd179.jpg"
"274","컴스_TV_스탠드형_이동식_거치대","102310","https://thumbnail13.coupangcdn.com/thumbnails/remote/230x230ex/image/retail/images/2018/04/05/17/3/965a2a28-b176-438e-b85c-a91580f150d4.jpg"
"275","중고_LG_LED_TV_42LY34","320000","https://thumbnail13.coupangcdn.com/thumbnails/remote/230x230ex/image/vendor_inventory/images/2018/12/01/21/7/88f70bf4-3111-443f-aba4-ee63000bdded.jpg"
"276","타라LCD_TRL-160WT_40","145000","https://thumbnail11.coupangcdn.com/thumbnails/remote/230x230ex/image/vendor_inventory/images/2017/10/31/13/6/d6624545-b254-439a-a9a8-e43aab1e8438.jpg"
"277","[택배발송]_삼성정품패널_40인치","261110","https://thumbnail11.coupangcdn.com/thumbnails/remote/230x230ex/image/vendor_inventory/images/2018/10/17/11/2/87bf4958-70c4-4227-94dc-f9c792c27399.jpg"
"278","LG전자_프로빔_TV_프로젝터_HF","1280340","https://thumbnail11.coupangcdn.com/thumbnails/remote/230x230ex/image/retail/images/2017/04/27/17/1/ea445f53-320e-4c3a-a55c-d9891182a08c.jpg"
"279","HD_LED_TV_32LK562BE","330000","https://thumbnail12.coupangcdn.com/thumbnails/remote/230x230ex/image/vendor_inventory/images/2018/10/15/17/5/80f302a5-a517-440e-a7b7-c2a14d7daa4a.jpg"
"280","TV_TVTVTV_43인치_테스트","9999990","https://thumbnail14.coupangcdn.com/thumbnails/remote/230x230ex/image/vendor_inventory/images/2018/11/15/20/2/20c7516e-84ce-4822-ba83-3abeabff19b9.jpg"
"281","클라인즈_삼성패널_32인치_FHD","199000","https://thumbnail15.coupangcdn.com/thumbnails/remote/230x230ex/image/vendor_inventory/images/2018/11/26/10/6/f5d588a6-9586-4894-8b59-3e87810f2882.jpg"
"282","HD_TV_UN32M4020AFXK","324200","https://thumbnail11.coupangcdn.com/thumbnails/remote/230x230ex/image/vendor_inventory/images/2018/11/06/12/9/5ab24ac3-3f38-4657-9fd1-5e0989a919a7.jpg"
"283","32인치_HD_WP32HD5010H","149000","https://"
"284","LED_HD_TV_UN32M4000","326900","https://thumbnail15.coupangcdn.com/thumbnails/remote/230x230ex/image/vendor_inventory/images/2018/11/02/15/3/3096c076-6005-43de-8fc6-a37b9b230514.jpg"
"285","티비드_HD_TV_32형_HT320","154000","https://"
"286","삼성전자_QLED_TV_QN55Q8","2750000","https://"
"287","메디하임_벽걸이거치대_TV브라켓_2","31900","https://"
"288","하이얼_무카_32인치_HDTV_ML","195000","https://thumbnail12.coupangcdn.com/thumbnails/remote/230x230ex/image/vendor_inventory/images/2018/10/31/16/3/fa4dbb3b-4441-4a39-8665-335b3415f689.jpg"
"289","JVC_LT-43MK770_109(","549000","https://thumbnail11.coupangcdn.com/thumbnails/remote/230x230ex/image/vendor_inventory/images/2018/12/12/11/0/b85a0d77-bf94-45e6-b425-163452e7d307.jpg"
"290","JVC_LT-40MK570_102(","379000","https://thumbnail14.coupangcdn.com/thumbnails/remote/230x230ex/image/vendor_inventory/images/2018/12/11/16/6/afdb3c42-f013-4a51-9f20-c150f0926948.jpg"
"291","(주)브리드_40인치_UHD_TV","249000","https://thumbnail12.coupangcdn.com/thumbnails/remote/230x230ex/image/vendor_inventory/images/2018/04/09/17/9/3ee9741e-0c89-49de-9fa5-09fa9ac497e3.jpg"
"292","하이얼_55형_4K_고화질_UHD","539000","https://thumbnail15.coupangcdn.com/thumbnails/remote/230x230ex/image/vendor_inventory/images/2018/02/23/15/3/a62090b2-3306-4883-b243-4546da1b69fd.jpg"
"293","오리온탑싱크_TOP32HD-SCF","249000","https://thumbnail15.coupangcdn.com/thumbnails/remote/230x230ex/image/vendor_inventory/images/2018/09/19/15/3/9e6a7a90-6dc9-4b62-822f-54fa270cd179.jpg"
"294","82_HD_LEDTV__삼성_A급","189000","https://thumbnail15.coupangcdn.com/thumbnails/remote/230x230ex/image/vendor_inventory/images/2018/11/27/12/1/62832bca-fb27-4bde-a3c9-2633d4e7bfd3.jpg"
"295","컴스_TV_스탠드형_이동식_거치대","102310","https://thumbnail13.coupangcdn.com/thumbnails/remote/230x230ex/image/retail/images/2018/04/05/17/3/965a2a28-b176-438e-b85c-a91580f150d4.jpg"
"296","중고_LG_LED_TV_42LY34","320000","https://thumbnail13.coupangcdn.com/thumbnails/remote/230x230ex/image/vendor_inventory/images/2018/12/01/21/7/88f70bf4-3111-443f-aba4-ee63000bdded.jpg"
"297","타라LCD_TRL-160WT_40","145000","https://thumbnail11.coupangcdn.com/thumbnails/remote/230x230ex/image/vendor_inventory/images/2017/10/31/13/6/d6624545-b254-439a-a9a8-e43aab1e8438.jpg"
"298","[택배발송]_삼성정품패널_40인치","261110","https://thumbnail11.coupangcdn.com/thumbnails/remote/230x230ex/image/vendor_inventory/images/2018/10/17/11/2/87bf4958-70c4-4227-94dc-f9c792c27399.jpg"
"299","LG전자_프로빔_TV_프로젝터_HF","1280340","https://thumbnail11.coupangcdn.com/thumbnails/remote/230x230ex/image/retail/images/2017/04/27/17/1/ea445f53-320e-4c3a-a55c-d9891182a08c.jpg"
"300","HD_LED_TV_32LK562BE","330000","https://thumbnail12.coupangcdn.com/thumbnails/remote/230x230ex/image/vendor_inventory/images/2018/10/15/17/5/80f302a5-a517-440e-a7b7-c2a14d7daa4a.jpg"
"301","TV_TVTVTV_43인치_테스트","9999990","https://thumbnail14.coupangcdn.com/thumbnails/remote/230x230ex/image/vendor_inventory/images/2018/11/15/20/2/20c7516e-84ce-4822-ba83-3abeabff19b9.jpg"
"302","클라인즈_삼성패널_32인치_FHD","199000","https://thumbnail15.coupangcdn.com/thumbnails/remote/230x230ex/image/vendor_inventory/images/2018/11/26/10/6/f5d588a6-9586-4894-8b59-3e87810f2882.jpg"
"303","HD_TV_UN32M4020AFXK","324200","https://thumbnail11.coupangcdn.com/thumbnails/remote/230x230ex/image/vendor_inventory/images/2018/11/06/12/9/5ab24ac3-3f38-4657-9fd1-5e0989a919a7.jpg"
"304","LED_HD_TV_L32T6310K","269650","https://thumbnail13.coupangcdn.com/thumbnails/remote/230x230ex/image/vendor_inventory/images/2018/08/16/18/1/469e5e7a-9a31-4428-9bfc-6d2a97135c4c.jpg"
"305","32인치_HD_WP32HD5010H","149000","https://"
"306","LED_HD_TV_UN32M4000","326900","https://thumbnail15.coupangcdn.com/thumbnails/remote/230x230ex/image/vendor_inventory/images/2018/11/02/15/3/3096c076-6005-43de-8fc6-a37b9b230514.jpg"
"307","삼성전자_UHD_TV_UN75NU7","3399000","https://"
"308","삼성전자_UHD_TV_UN65NU7","2099000","https://"
"309","코스텔_코스텔LED_TV_ET320","249000","https://thumbnail12.coupangcdn.com/thumbnails/remote/230x230ex/image/vendor_inventory/images/2018/06/25/19/0/aa4caf2b-2133-4bad-8ddf-2b065c32623f.jpg"
"310","티비드_HD_TV_32형_HT320","154000","https://"
"311","삼성전자_QLED_TV_QN55Q8","2750000","https://"
"312","메디하임_벽걸이거치대_TV브라켓_2","31900","https://"
"313","하이얼_무카_32인치_HDTV_ML","195000","https://thumbnail12.coupangcdn.com/thumbnails/remote/230x230ex/image/vendor_inventory/images/2018/10/31/16/3/fa4dbb3b-4441-4a39-8665-335b3415f689.jpg"
"314","대우루컴즈_4K_UHD_LED_43","388550","https://thumbnail11.coupangcdn.com/thumbnails/remote/230x230ex/image/product/image/vendoritem/2018/06/19/3504532304/c4e9542e-23b1-4fad-b853-982eb142aa4e.jpg"
"315","위니아_FULL-HD_LED_TV","407000","https://thumbnail13.coupangcdn.com/thumbnails/remote/230x230ex/image/vendor_inventory/images/2016/03/10/18/8/6371de48-0584-4816-b899-0d8ee185a637.jpg"
"316","MOTV_MOTV-400FHDT_T","245000","https://thumbnail11.coupangcdn.com/thumbnails/remote/230x230ex/image/vendor_inventory/images/2018/05/09/13/0/94d2aed6-daf4-4bc2-866a-9a9f5810ba3f.jpg"
"317","하이얼_무카_32인치_TV_ML32","219000","https://"
"318","대우전자_49형_UHD_TV_U49","691000","https://"
"319","[싼딜]티비드_FHD_TV_40형","279000","https://"
"320","[하이마트]60_HD_TV_ED24","213000","https://"
"321","하이얼_165_커브드_UHD_TV","859000","https://"
"322","웨스팅하우스코리아_102_FHD_T","473000","https://thumbnail13.coupangcdn.com/thumbnails/remote/230x230ex/image/vendor_inventory/images/2017/12/12/14/1/f26af06c-fcf6-418c-9a19-48adb006cffe.jpg"
"323","[하이마트]125_UHD_TV_UD","631000","https://"
"324","LG_TV전용_리모컨_무설정_엘지","12000","https://thumbnail11.coupangcdn.com/thumbnails/remote/230x230ex/image/vendor_inventory/images/2018/10/16/14/4/47b2e6ef-8e20-4964-aff7-be21f8b091d2.jpg"
